Index,User Id,User Id,Last Name,Sex,Email
1,88F7B33d2bcf9f5,Shelby,Terrell,Male,elijah57@example.net
2,f90cD3E76f1A9b9,Phillip,Summers,Female,bethany14@example.com
3,DbeAb8CcdfeFC2c,,,Male,bthompson@example.com
,,,,,
5,1bA7A3dc874da3c,Lori,Todd,Male,buchananmanuel@example.net
6,bfDD7CDEF5D865B,Erin,Day,Male,
7,bE9EEf34cB72AF7,Katherine,Buck,Female,conniecowan@example.com
8,2EFC6A4e77FaEaC,Ricardo,Hinton,Male,wyattbishop@example.com
9,baDcC4DeefD8dEB,Dave,Farrell,,nmccann@example.net
10,8e4FB470FE19bF0,Isaiah,Downs,Male,virginiaterrell@example.org
11,BF0BbA03C29Bb3b,Sheila,Ross,Female,huangcathy@example.com
12,F738c69fB34E62E,Stacy,Newton,Male,rayleroy@example.org
13,C03fDADdAadAdCe,Mandy,Blake,Male,jefferynoble@example.org
14,b759b74BD1dE80d,Bridget,Nash,Female,mercedes44@example.com
15,1F0B7D65A00DAF9,Crystal,Farmer,Male,pmiranda@example.org
16,50Bb061cB30B461,Thomas,Knight,Female,braunpriscilla@example.net
17,D6dbA5308fEC4BC,,Rangel,Male,sheenabanks@example.com
18,311D775990f066d,Frank,Meadows,Male,gbrewer@example.org
19,7F7E1BAcb0C9AFf,Alvin,Paul,Male,gilbertdonaldson@example.com
20,88473e15D5c3cD0,Jared,Mitchell,Female,jcortez@example.com
21,b31D271F8c200AB,Jacqueline,Norton,Female,carias@example.net
,,,,,
23,cBbBcA0FCA3C4Bc,Randy,Barnes,Male,huangbill@example.org
24,f1f89173353aD90,Janice,Rhodes,Female,juarezdominique@example.net
